{
  "name": "main27-backend-prisma",
  "version": "2.0.0",
  "description": "Production Management System - Prisma + TypeScript + Zod",
  "main": "dist/index.js",
  "scripts": {
    "prisma:generate": "prisma generate",
    "prisma:migrate": "prisma migrate dev",
    "prisma:deploy": "prisma migrate deploy",
    "prisma:studio": "prisma studio",
    "prisma:seed": "ts-node prisma/seed.ts",
    "build": "tsc",
    "dev": "serverless offline start --stage dev",
    "deploy:dev": "serverless deploy --stage dev",
    "deploy:prod": "serverless deploy --stage prod",
    "lint": "eslint . --ext .ts",
    "format": "prettier --write \"src/**/*.ts\"",
    "test": "jest"
  },
  "dependencies": {
    "@prisma/client": "^5.9.1",
    "bcryptjs": "^2.4.3",
    "jsonwebtoken": "^9.0.2",
    "uuid": "^9.0.1",
    "zod": "^3.22.4"
  },
  "devDependencies": {
    "@types/aws-lambda": "^8.10.134",
    "@types/bcryptjs": "^2.4.6",
    "@types/jsonwebtoken": "^9.0.5",
    "@types/node": "^20.11.17",
    "@types/uuid": "^9.0.7",
    "@typescript-eslint/eslint-plugin": "^6.21.0",
    "@typescript-eslint/parser": "^6.21.0",
    "eslint": "^8.56.0",
    "prettier": "^3.2.5",
    "prisma": "^5.9.1",
    "serverless": "^3.38.0",
    "serverless-offline": "^13.3.3",
    "serverless-plugin-typescript": "^2.1.5",
    "ts-node": "^10.9.2",
    "typescript": "^5.3.3"
  },
  "engines": {
    "node": ">=18.0.0"
  }
}
